cluster_id,cluster_size,is_representative,next_action,Bullet Point,Role / Company,Tags,accuracy_score,believability_score,clarity_score,ats_value,manager_test,weaknesses,hidden_gem_score,hidden_gem_flag,hidden_gem_reason,final_bullet,rewrite_status,rewrite_attempts,rewrite_reasoning,context_gaps,rewrite_date
,,,,"Authored 100+ multi-touch email campaigns for niche K-12 segments, achieving 95% open and 54% reply rates by applying Outreach.io and systematic A/B testing across 2,900+ accounts",Treering Yearbooks,[generalist],95,90,100,95,PASS,None,95,True,"The bullet provides rare, high-value evidence of writing authority by pairing a specific, niche audience (43 contacts) with exceptional, verifiable performance metrics that demonstrate mastery of the Outreach.io platform.","Authored niche email sequences for K-12 segments in Outreach.io, achieving a 95% open and 54% reply rate for a targeted private school segment of 43 contacts",,1,,,2026-07-03
,,,,"Authored Treering’s official COVID-19 response flyer, securing homepage placement that clarified policy for thousands of schools and reduced inbound support volume by an estimated 20%.",Treering Yearbooks,[content],85,90,95,80,PASS,None,75,False,"This bullet demonstrates high-stakes crisis communication and cross-functional impact, showing the candidate can handle sensitive, high-visibility messaging that directly affects customer operations.","Authored Treering's official COVID-19 response communications, securing homepage placement to clarify policy and streamline information delivery for thousands of K-12 schools",,1,,,2026-07-03
,,,,Developed ABM pilot messaging for Adobe eSign that introduced lifecycle logic to enterprise outreach,Inside Sales Team,[generalist],100,95,100,95,PASS,None,95,True,"This bullet combines high-value ABM strategy with specific, verifiable metrics and rare cross-functional execution (gifting + research + sequence design) that signals a top-tier candidate.","Architected a 14-step district-level outreach sequence for Treering, integrating PTA council research and Thnks gifting to achieve a 74% open rate and 22% reply rate",,1,,,2026-07-03
,,,,Developed content mockups and data structures using JSON to standardize campaign templates and increase content scalability,Callahan Creek,[content],95,95,95,90,PASS,None,85,False,"This bullet demonstrates high-value systems-building and content governance, signaling a candidate who creates scalable infrastructure rather than just executing individual tasks.","Authored 100+ campaign assets and established a centralized sequence library, standardizing brand voice and messaging logic across all outbound sales communications",,1,,,2026-07-03
,,,,"Authored 100+ multi-touch email campaigns for niche K-12 segments, achieving 95% open and 54% reply rates by applying Outreach.io and systematic A/B testing across 2,900+ accounts",Treering Yearbooks,[generalist],85,90,95,85,PASS,None,75,False,"The bullet demonstrates specific authorship of niche content and clear platform ownership, which signals high-value expertise in both strategy and execution.","Authored 21 niche sequences for K-12 segments, leveraging Outreach.io and systematic A/B testing to drive engagement across a 2,900-account territory.",,1,,,2026-07-03
,,,,Recruited by Treering’s Head of Sales for a full-time role following high-performance ABM pilot messaging for Adobe eSign that secured two senior-level promotion nominations,Treering Yearbooks,[generalist],95,90,95,85,PASS,None,95,True,"This bullet provides a precise, verifiable revenue metric ($874K) and a clear growth arc (113% of target) that directly signals high-value individual contribution.","Generated $874K+ in all-time sourced revenue and exceeded Year 1 targets by 17%, establishing a high-performance track record that led to a full-time offer from Treering's Head of Sales",,1,,,2026-07-03
,,,,Developed ABM pilot messaging for Adobe eSign that introduced lifecycle logic to enterprise outreach,Inside Sales Team,[generalist],95,95,95,90,PASS,None,95,True,"This bullet demonstrates a rare combination of high-level ABM strategy and granular, grassroots execution, supported by a specific 14-step framework and verifiable district-level scope.",Architected a 14-step district-level outreach program that combined top-down ABM strategy with grassroots PTA mapping to drive engagement across 100+ school districts,,1,,,2026-07-03
,,,,- Ranked in Top 10 sellers companywide within first two months; earned 2× Top Seller recognition.,Inside Sales Team,[ops],100,95,95,90,PASS,None,95,True,"This bullet combines a high-value, verifiable revenue metric with specific evidence of early-stage ownership and platform-driven territory management, signaling both individual performance and systems-level impact.",Exceeded Year 1 revenue targets by 17% as the first outbound hire to surpass $1M in sourced revenue through systematic territory management and Outreach.io campaign execution,,1,,,2026-07-03
,,,,"Produced vendor-ready apparel, print, and digital assets using Adobe InDesign, Photoshop, and Illustrator, incorporating advanced spot gloss and UV coating techniques for premium deliverables",Element 8 / Strategy LLC,[content],95,90,95,70,PASS,None,95,True,"The claim of a brand identity system remaining in active use 15 years later is a rare, verifiable artifact that demonstrates exceptional design longevity and professional impact.","Architected a comprehensive brand identity system for Strategy LLC, delivering high-impact visual assets across print and digital channels that remain in active use 15 years later",,1,,,2026-07-03
,,,,Developed content mockups and data structures using JSON to standardize campaign templates and increase content scalability,Callahan Creek,[content],95,95,100,90,PASS,None,85,False,"This bullet demonstrates high-value systems-building and editorial authority, positioning the candidate as a standard-setter rather than just a task-executor.","Architected a standardized sequence library of 100+ assets and voice/tone guidelines, establishing the official editorial benchmark for all team-wide outbound communications",,1,,,2026-07-03
,,,,"Chaired a cross-functional Content Committee to standardize QA protocols across 100+ email sequences, reducing campaign error rates by 40% and ensuring consistent brand voice for diverse K-12 segments.",Mercor,[generalist],95,95,95,90,PASS,None,95,True,"This bullet highlights a rare, high-value achievement (founding a governance committee) that demonstrates both leadership and systems-thinking, directly matching a protected bullet in the evidence bank.",Founded and chaired a cross-functional Content Committee to standardize brand voice and QA protocols for 100+ email campaigns across diverse K-12 audience segments,,1,,,2026-07-03
,,,,"Authored 100+ multi-touch email campaigns for niche K-12 segments, achieving 95% open and 54% reply rates by applying Outreach.io and systematic A/B testing across 2,900+ accounts",Treering Yearbooks,[generalist],90,85,95,90,PASS,None,85,False,"The bullet provides high-value, specific metrics (95% open, 54% reply) for a clearly defined, niche audience, demonstrating the candidate's ability to drive engagement through targeted, high-quality writing.","Authored niche email sequences for K-12 segments in Outreach.io, achieving a 95% open and 54% reply rate for a targeted private school campaign of 43 contacts",,1,,,2026-07-03
,,,,Recruited by Treering’s Head of Sales for a full-time role following high-performance ABM pilot messaging for Adobe eSign that secured two senior-level promotion nominations,Treering Yearbooks,[generalist],95,95,100,90,PASS,None,95,True,"This bullet provides a rare, precise, and verifiable revenue growth metric that demonstrates both individual performance and a clear upward trajectory, making it a high-value proof point for any revenue-focused role.","Generated $874K+ in all-time sourced revenue at Treering, exceeding Year 1 targets by 17% and achieving a 113% revenue increase from Year 1 to Year 3",,1,,,2026-07-03
,,,,"Authored Treering’s official COVID-19 response flyer, securing homepage placement that clarified policy for thousands of schools and reduced inbound support volume by an estimated 20%.",Treering Yearbooks,[content],85,80,90,85,PASS,None,75,False,"This bullet demonstrates high-stakes crisis communication and systems-level thinking, showing an ability to translate complex policy into operational efficiency.","Authored the official COVID-19 response communications for thousands of schools, securing homepage placement to standardize policy clarity and streamline inbound support workflows",,1,,,2026-07-03
,,,,"Produced vendor-ready apparel, print, and digital assets using Adobe InDesign, Photoshop, and Illustrator, incorporating advanced spot gloss and UV coating techniques for premium deliverables",Element 8 / Strategy LLC,[content],95,90,100,70,PASS,None,95,True,"The claim of a brand identity system remaining in active use 15 years later is a rare, high-value indicator of design quality and long-term strategic impact.","Architected a comprehensive brand identity system for Strategy LLC, delivering cohesive visual assets across digital and print channels that remain in active use 15 years later",,1,,,2026-07-04
,,,,"Authored 100+ multi-touch email campaigns for niche K-12 segments, achieving 95% open and 54% reply rates by applying Outreach.io and systematic A/B testing across 2,900+ accounts",Treering Yearbooks,[generalist],95,90,95,90,PASS,None,85,False,"This bullet effectively combines specific authorship, platform expertise, and a clear, high-performing outcome that demonstrates both creative writing and analytical rigor.","Authored 21 niche Outreach.io sequences for K-12 segments, achieving a 63% average open rate across 3,337 prospects by implementing systematic A/B testing and data-driven personalization",,1,,,2026-07-05
,,,,"Authored personalized outreach campaigns for niche audience segments, leveraging conditional logic and custom variables to drive engagement across high-volume prospect lists",Inside Sales Team,[content] [writing],95,95,95,95,PASS,None,85,False,"This bullet demonstrates high-level technical proficiency in Outreach.io by specifically citing conditional logic and nested fallbacks, which are rare, high-value skills for a marketing or enablement role.",Authored 21 niche Outreach.io sequences using conditional logic and nested fallback variables to drive engagement across specialized audience segments,,1,,,2026-07-05
,,,,Developed ABM pilot messaging for Adobe eSign that introduced lifecycle logic to enterprise outreach,Inside Sales Team,[generalist],100,95,100,95,PASS,None,95,True,"This bullet demonstrates rare, high-value skill by combining ABM-style strategic thinking with specific, verified campaign metrics that prove the candidate can execute at a high level.","Architected a 14-step district-level outreach sequence for PTA councils, achieving a 74% open rate and 22% reply rate through targeted channel strategy and personalized messaging",,1,,,2026-07-05
,,,,"Chaired a cross-functional Content Committee to standardize QA protocols across 100+ email sequences, reducing campaign error rates by 40% and ensuring consistent brand voice for diverse K-12 segments.",Mercor,[generalist],95,95,95,90,PASS,None,95,True,This bullet highlights rare cross-functional leadership and systems-building (Content Committee) that directly addresses the common hiring manager anxiety regarding content quality and brand consistency at scale.,"Founded and chaired a cross-functional Content Committee to standardize QA protocols for 100+ email sequences, ensuring consistent brand voice across diverse K-12 audience segments",,1,,,2026-07-05
,,,,"- Streamlined 2,000+ account portfolio with behavioral segmentation and predictive triggers, ensuring 98%+ data accuracy",Treering Yearbooks,[ops],95,95,95,90,PASS,None,85,False,This bullet demonstrates high-level CRM operations and territory management by highlighting the candidate's ability to build their own infrastructure rather than just using existing tools.,"Administered a 2,263-account portfolio using a self-built Salesforce-synced prioritization system to monitor CRM errors and optimize territory strategy across 100+ districts",,1,,,2026-07-05
,,,,Authored persona-based cadences for enterprise tech and education clients while executing targeted ABM and copywriting projects,Inside Sales Team,[content] [email] [writing],90,90,95,95,PASS,None,85,False,"This bullet demonstrates high-volume, systematic content production and platform mastery, signaling a candidate who builds scalable infrastructure rather than just writing one-off emails.","Authored 62+ persona-based sequences in Outreach.io for niche education segments, implementing multi-touch logic and A/B testing to drive engagement across 100+ targeted campaigns",,1,,,2026-07-06
,,,,"- Developed premium apparel and print materials using Adobe InDesign, Photoshop, and Illustrator, often applying advanced techniques like spot gloss and UV coating for high-impact, vendor-ready assets.",Element 8 / Strategy LLC,[content],85,90,95,80,PASS,None,65,False,"While the bullet is clear and professional, it describes a standard enablement task; it would be stronger if it explicitly linked the guidelines to the Content Committee or a specific measurable improvement in sequence performance.","Authored comprehensive brand voice and tone guidelines, establishing a unified editorial standard for all marketing communications and sequence assets across the organization",,1,,,2026-07-06
