Filename,Prompt / Topic,Themes & Highlights,Reusability Tags,Answer Length,Strong For,Quote Worth Pulling
Q&A Blurbs - May 2025.pdf,Why I’d be a good fit (Digital Marketing Coordinator),"10+ years in digital marketing and CRM; cross-functional experience with content, compliance, and sales teams; expertise in Salesforce, Outreach; known for systems thinking and human-first messaging.","CRM, SaaS, Remote, Lifecycle, Cross-functional",,,
Q&A Blurbs - May 2025.pdf,Experience with Salesforce Marketing Cloud & Adobe Experience Manager,"Hands-on Salesforce Sales Cloud experience (not Marketing Cloud); experience with CMS tools similar to AEM; strong adaptability, system orientation, web QA, and internal team support.","CRM, Systems, CMS, Tech-Adjacent, Adaptability",,,
Q&A Blurbs - May 2025.pdf,Strategy that helped exceed revenue target by 17% at Treering,"Built original outbound strategy; relied on clear, warm, human-centric writing; avoided generic scripts; campaigns became standard for company templates and helped exceed sales goals.","SaaS, Education, Sales Enablement, Campaign Strategy",,,
Q&A Blurbs - May 2025.pdf,Example of prioritizing tasks in a fast-paced environment,Structured prioritization in high-volume settings; preference for calm execution and asynchronous workflows; track record of delivering under pressure with grace.,"Remote, Ops, Startup, Time Management, Workflow",,,
Q&A Blurbs - May 2025.pdf,Email platforms + complex campaign example,"Details experience with Outreach.io, Salesforce, and building custom logic-based campaigns; collaborative work with marketing and ops teams; loves clean systems that run smoothly.","CRM, Lifecycle, Email, Systems",Mid (~180 words),"CRM Specialist, Lifecycle Strategist",I love building systems that work quietly in the background — so people don’t have to.
Q&A Blurbs - May 2025.pdf,How your background prepared you for this role,"Connects hybrid creative + analytical past to CRM/email work today; reflects on journalism, sales, and design roots. Focuses on transferable skills and narrative clarity.","Career Pivot, CRM, Content, Storytelling",Long (~250 words),"Lifecycle Marketer, Generalist","I’ve worn a lot of hats, but the common thread is clarity and connection."
Q&A Blurbs - May 2025.pdf,Example of journalism + strategy + production intersecting,Showcases experience translating ideas into usable content; links newsroom mindset with strategic execution; demonstrates a respect for clarity and audience impact.,"Editorial Strategy, Content Ops, Production",Short-Mid (~150 words),"Content Strategist, Brand Voice",Journalism taught me to respect the reader’s time — marketing taught me to earn it.
Q&A Blurbs - May 2025.pdf,Have you worked in an agency setting before?,"Describes agency internship experience; emphasizes creativity, fast-paced environment, and teamwork. Draws out appreciation for idea-generation and collaborative momentum.","Agency, Creative, Fast-Paced",Short (~100 words),"Creative Strategist, Copywriter","I loved the energy — the rapid ideation, the unexpected turns, the feeling of building something bold."
Q&A Blurbs - May 2025.pdf,Creative Strategist in a performance-driven agency (KlientBoost),Loves the creative–performance feedback loop; energized by blending visual storytelling with performance metrics; thrives in iterative environments where insights shape execution.,"Creative Strategy, Performance Marketing, Iterative Thinking",Mid (~150 words),"Associate Creative Strategist, Campaign Strategist",That loop of ideate → execute → optimize is where I thrive.
Q&A Blurbs - May 2025.pdf,Personalization example (Mozilla),Used tools like Vidyard and Thnks to add human touches to outreach; demonstrated strategic empathy; targeted hard-to-reach PTA audiences in a memorable way.,"Personalization, Email Innovation, Human-Centered Marketing",Short (~100 words),"CRM Marketer, Lifecycle Specialist","It was our way of saying, ‘We see you.’"
Q&A Blurbs - May 2025.pdf,Channel integration story (Mozilla),Blended outbound email with light social selling; tracked school contacts via Facebook and directories; resourceful and relationship-first marketing.,"Channel Strategy, Social Selling, Creative Outreach",Mid (~120 words),"Campaign Strategist, Email Marketer","It wasn’t scalable enough to become official process, but it helped us reach some of our most elusive leads."
Q&A Blurbs - May 2025.pdf,Creative tools + origin story (WYSIWYG editors),"Longstanding visual fluency; self-taught creative roots from early web platforms; emphasizes play, craft, and detail; currently uses Adobe + Canva depending on scope/speed.","Creative Tools, Visual Design, Storytelling, Playful Voice",Mid (~140 words),"Visual Content Creator, Brand Designer","I’ve been in WYSIWYG editors since the Geocities and Angelfire days, back when your cursor sparkled and your background auto-played MIDI files."
Q&A Blurbs - May 2025.pdf,Headway mission fit (short form),Highlights personal and professional alignment with mission; blends systems thinking with empathy and accessibility; grounded in human-first values.,"Mission-Aligned, Mental Health, Lifecycle, CRM",Short (~80 words),"CRM Strategist, Mission-Driven Org","I’m a systems-minded marketer who believes in clarity, empathy, and real human connection."
Q&A Blurbs - May 2025.pdf,Self-reported proficiency sliders,"Project Management: 8, Creative Strategy: 9, Digital Design: 8, Video Creative: 4. Accurate snapshot of strengths and growth areas for slider or skill-matrix apps.","Self Assessment, Application Data, Skill Snapshot",Short (~50 words),"General Applications, Bio Snippets",Creative Strategy: 9 | Project Management: 8 | Digital Design: 8 | Video Creative: 4
