cluster_id,cluster_size,is_representative,next_action,Bullet Point,Role / Company,Tags,accuracy_score,believability_score,clarity_score,ats_value,manager_test,weaknesses,final_bullet,rewrite_status,rewrite_attempts,rewrite_reasoning,context_gaps,rewrite_date
4,2,False,CLOSED_OUT,- Evaluated AI-generated sales and marketing outputs for accuracy and alignment with industry standards,Mercor,[ops],50.0,45.0,60.0,55.0,PASS,"[""The bullet uses vague verbs like 'evaluated' without specifying the methodology or criteria used."", 'It lacks context regarding the scale of the evaluation (e.g., volume of outputs, frequency, or specific AI tools).', ""The term 'industry standards' is generic and lacks a concrete benchmark or framework."", 'There is no mention of the outcome or impact of these evaluations; it describes a task rather than an achievement.', 'It fails to explain how the candidate corrected or improved the outputs, leaving the value of the work unclear.']",,RETIRED,,,,2026-06-27
14,2,False,CLOSED_OUT,- Supported calibration of AI decision-making in campaign and territory analysis scenarios,Mercor,[generalist],50.0,45.0,40.0,55.0,PASS,"[""The verb 'Supported' is passive and vague, failing to define the candidate's actual contribution or level of ownership."", ""The term 'calibration' is ambiguous in an AI context; it is unclear if this refers to model tuning, data labeling, bias mitigation, or parameter adjustment."", ""The scope of 'campaign and territory analysis' is too broad to understand the scale or complexity of the work."", 'There is a complete lack of tools, methodologies, or outcomes mentioned, making it impossible to verify the impact or technical proficiency.', ""The bullet relies on buzzwords ('AI decision-making') without providing the necessary context to distinguish this from basic data entry or administrative support.""]",,RETIRED,,,,2026-06-27
39,2,False,CLOSED_OUT,"- First outbound team member in history to reach $1M+ in sourced revenue, achieving 117% of target in year one.",Treering Yearbooks,[ops],85.0,75.0,90.0,95.0,PASS,"[""The claim 'first in history' is difficult to verify and often sounds like hyperbole to a skeptical hiring manager."", 'Lacks context regarding the sales cycle length, average deal size, or the specific industry, making it hard to gauge the difficulty of the achievement.', 'Does not specify the tools or methodology used to source the revenue (e.g., cold calling, email automation, social selling).', ""The term 'sourced revenue' is ambiguous; it is unclear if the candidate closed these deals or if they were handed off to account executives.""]",,RETIRED,,,,2026-06-27
41,2,False,CLOSED_OUT,"- Architected and managed the company’s first comprehensive sales enablement content library, creating 100+ assets (pitch decks, battlecards, email templates) adopted company-wide that directly supported all stages of the sales cycle.",Treering Yearbooks,[content] [email] [enablement] [mgmt],75.0,70.0,85.0,80.0,PASS,"[""The metric '100+ assets' lacks context regarding quality or impact; quantity does not equate to effectiveness."", ""The phrase 'directly supported all stages' is a generic claim that lacks evidence of how these assets influenced conversion rates or sales velocity."", ""The bullet fails to explain the 'how'—what methodology or cross-functional collaboration was used to ensure these assets were actually relevant to the sales team?"", ""It is unclear if the 'adoption' was mandatory or organic, which changes the perception of the candidate's influence."", 'Lacks specific tools or platforms (e.g., Highspot, Seismic, Salesforce) used to manage the library, which would provide necessary technical context.']",,RETIRED,,,,2026-06-27
42,2,False,CLOSED_OUT,"- Founded and led a cross-functional Content Committee, aligning Sales, Marketing, and Support to reduce content creation timelines by 20% and ensure consistent messaging.",Treering Yearbooks,[content] [enablement],75.0,70.0,85.0,80.0,PASS,"[""The metric '20% reduction' lacks context regarding the baseline timeframe or the volume of content produced."", ""The term 'Content Committee' is vague; it is unclear if this was a formal organizational change or an informal meeting cadence."", 'The bullet fails to specify the tools or methodologies used to achieve the alignment (e.g., project management software, content calendars, or specific communication frameworks).', 'It does not address the challenges faced during cross-functional alignment, which is typically the most difficult part of such an initiative.', ""The outcome is somewhat generic; 'consistent messaging' is a qualitative goal that is difficult to verify without specific examples of impact on conversion or brand sentiment.""]",,RETIRED,,,,2026-06-27
46,2,False,CLOSED_OUT,"- Developed 62 distinct sales sequences achieving 100% team adoption, 74% open rates, and 43% reply rates (10x industry average)",Treering Yearbooks,[email],70.0,55.0,85.0,90.0,PASS,"[""The claim of a 43% reply rate being '10x industry average' is highly suspect and likely inflated, as industry averages for cold outreach are typically 1-5%, making 43% statistically improbable for a sustained sequence."", 'The bullet lacks context regarding the target audience, industry, or the specific tools (e.g., Outreach, Salesloft) used to execute these sequences.', '100% team adoption is a bold claim that lacks evidence of how compliance was enforced or measured.', 'The bullet fails to explain the methodology behind the sequences or the specific challenges overcome to achieve such outlier metrics.']",,RETIRED,,,,2026-06-27
52,2,False,CLOSED_OUT,"- Authored and structured high-performing email marketing campaigns achieving up to 83% open and 43% reply rates, applying UX writing and visual hierarchy principles to improve clarity and engagement.",Treering Yearbooks,[email] [writing],65.0,55.0,80.0,85.0,PASS,"['The metrics (83% open rate, 43% reply rate) are statistically improbable for standard email marketing, suggesting either a very small, highly qualified list or inflated data.', 'The bullet lacks context regarding the size of the audience or the industry, making the performance claims difficult to verify.', ""The connection between 'UX writing' and 'visual hierarchy' is mentioned, but the specific application or tools used to achieve these results remain vague."", ""The term 'high-performing' is a subjective buzzword that adds no value to the technical description of the work.""]",,RETIRED,,,,2026-06-27
53,2,False,CLOSED_OUT,"- Authored cadences and strategy for Adobe and education-sector clients, earning a nomination for an ABM/copywriting role.",Treering Yearbooks,[email] [writing],50.0,45.0,60.0,55.0,FAIL,"[""The bullet relies on a 'nomination' as a proxy for success, which is subjective and unverifiable."", ""The term 'authored cadences' is vague; it does not specify the platform (e.g., Outreach, Salesloft) or the volume of engagement."", 'The impact is disconnected from business results; a nomination is an internal recognition, not a measurable outcome like conversion rate, pipeline growth, or ROI.', 'The scope is unclear; it is unknown if the candidate led the strategy or merely executed a small portion of it.', 'The language is generic and lacks the technical depth required to assess actual competency in ABM (Account-Based Marketing) strategy.']",,RETIRED,,,,2026-06-27
65,2,False,CLOSED_OUT,"- First outbound team member in history to generate $1M+ in sourced revenue, exceeding KPIs by 17% in year one.",Treering Yearbooks,[ops],85.0,75.0,90.0,95.0,PASS,"[""The claim of being the 'first in history' is difficult to verify and often sounds like hyperbole to a hiring manager."", 'Lacks context regarding the sales cycle length, deal size, or the specific industry, making the $1M figure hard to benchmark.', 'Does not specify the methodology or tools used to achieve the sourced revenue (e.g., cold calling, email automation, social selling).', ""The 'exceeding KPIs' metric is vague; it is unclear if the KPI was set low or if the performance was truly exceptional relative to the team average.""]",,RETIRED,,,,2026-06-27
74,2,False,CLOSED_OUT,"- Built a new data-focused research role that uncovered $3M+ in dormant Salesforce pipeline, revitalizing outreach efforts, and directly contributing to revenue growth.",Treering Yearbooks,[ops],65.0,55.0,70.0,75.0,PASS,,,RETIRED,,,,2026-06-27
90,2,False,CLOSED_OUT,- Created systematic account management processes tracking 15 data points per account across 206 active tasks.,Treering Yearbooks,[ops],75.0,70.0,80.0,85.0,PASS,"['The bullet lacks context regarding the impact or outcome of these processes; tracking data points is an administrative task, not a strategic achievement.', ""The metric '206 active tasks' is oddly specific but lacks a timeframe, making it difficult to determine if this represents a high-volume workload or a minor project."", ""The term 'systematic account management processes' is vague; it does not explain the methodology or the tools (e.g., CRM, automation software) used to achieve this."", ""It fails to explain the 'why'—did this improve retention, reduce churn, or increase efficiency? Without a result, the effort is indistinguishable from busywork.""]",,RETIRED,,,,2026-06-27
91,2,False,CLOSED_OUT,"- Founded and facilitated a cross-department content committee, reducing content review cycles by an estimated 20% and unifying messaging across 100+ email templates and sales assets.",Treering Yearbooks,[content] [email] [enablement],75.0,70.0,85.0,80.0,PASS,"[""The metric 'estimated 20%' is subjective and lacks a clear baseline or methodology for calculation."", ""The term 'facilitated' is vague; it does not clarify if the candidate led the strategy or merely scheduled meetings."", ""The scope of '100+ email templates' is impressive but lacks context regarding the timeframe or the complexity of the unification process."", ""The bullet fails to explain the 'how'—what specific governance model or tool was implemented to achieve the reduction in review cycles?"", ""The claim of 'unifying messaging' is a generic corporate outcome that is difficult to verify without qualitative evidence.""]",,RETIRED,,,,2026-06-27
97,2,False,CLOSED_OUT,"- Built full-funnel Outreach.io campaigns with logic-based branching, variable messaging, and A/B testing.",Treering Yearbooks,[email],75.0,80.0,85.0,90.0,PASS,"['Lacks specific outcomes or business impact (e.g., conversion rates, pipeline generated, or time saved).', ""The term 'full-funnel' is often used as a buzzword without defining the specific stages or target audience segments."", 'Does not specify the scale of the campaigns (e.g., number of prospects, volume of outreach, or complexity of the logic branches).', ""Fails to mention the integration with CRM systems (e.g., Salesforce, HubSpot), which is critical for a 'full-funnel' claim.""]",,RETIRED,,,,2026-06-27
99,2,False,CLOSED_OUT,- Cleaned CRM fields and created dashboards that helped uncover $3M+ in hidden pipeline.,Treering Yearbooks,[ops],65.0,55.0,70.0,75.0,PASS,"[""The verb 'Cleaned' is vague and lacks technical context regarding the methodology or tools used."", ""The causal link between 'cleaning fields' and '$3M in hidden pipeline' is highly suspect; it implies the data was previously unusable, which is a significant claim that lacks evidence."", ""The bullet fails to explain the 'how'—did they use SQL, Python, or native CRM automation tools?"", 'The scope is unclear; it does not specify the size of the dataset or the timeframe of the discovery.', ""The claim of '$3M in hidden pipeline' feels like an inflated metric designed to sound impressive without providing the necessary context to verify the impact.""]",,RETIRED,,,,2026-06-27
100,3,False,CLOSED_OUT,"- Built full-funnel campaigns in Outreach.io + Salesforce with personalized messaging, testing, and logic-based branching",Treering Yearbooks,[content] [email] [ops],75.0,70.0,85.0,90.0,PASS,"['Lacks specific outcomes or business impact (e.g., conversion rates, revenue generated, or lead volume).', ""The term 'full-funnel' is often used as a buzzword without defining the specific stages or complexity of the automation."", 'Does not specify the scale of the campaigns (e.g., number of prospects, target markets, or duration).', ""Fails to explain the 'logic-based branching' strategy, leaving the manager wondering if the logic was sophisticated or basic."", 'The bullet describes tasks performed rather than the strategic value or problem-solving capability of the candidate.']",,RETIRED,,,,2026-06-27
101,2,False,CLOSED_OUT,"- Served as liaison between Sales and Marketing to provide feedback, share audience insights, and improve brand alignment and outreach consistency",Treering Yearbooks,[generalist],40.0,50.0,60.0,30.0,FAIL,"The bullet uses a weak, passive opening ('Served as liaison'), lacks any measurable outcome or specific tools, and describes a general job function rather than a specific achievement or system improvement. It is overly generic and fails to demonstrate impact.",,RETIRED,,,,2026-06-27
103,2,False,CLOSED_OUT,"- Built logic-based QA checklists to validate campaign accuracy, personalization triggers, and data flows before launch.",Treering Yearbooks,[content],70.0,75.0,80.0,85.0,PASS,"['The bullet lacks a quantifiable outcome or impact (e.g., reduction in error rates, time saved, or volume of campaigns managed).', ""The term 'logic-based' is vague; it does not specify the platform, language, or methodology used to build the checklists."", ""It fails to define the scale of the campaigns or the complexity of the data flows, making it difficult to assess the candidate's actual level of responsibility."", 'The action is purely task-oriented rather than results-oriented, leaving the manager wondering if the checklists were effective or merely a procedural step.']",,RETIRED,,,,2026-06-27
111,3,False,CLOSED_OUT,"- Selected to lead the wrap-up of Treering’s client project, then directly recruited by Treering’s Head of Sales to join them in-house.",Treering Yearbooks,[generalist],65.0,70.0,75.0,50.0,PASS,"[""The bullet relies on a narrative of being 'recruited' rather than demonstrating specific skills or contributions."", ""It lacks context regarding the project's scope, the candidate's actual role, or the impact of the 'wrap-up'."", ""The claim of being 'recruited' is difficult to verify and often perceived as a soft, subjective assertion rather than a professional achievement."", 'It fails to mention any technical tools, methodologies, or measurable outcomes achieved during the project.', ""The language is passive and focuses on the hiring outcome rather than the candidate's value proposition.""]",,RETIRED,,,,2026-06-27
111,3,False,CLOSED_OUT,"- Chosen to lead the wrap-up of Treering’s client project, then directly recruited by Treering’s Head of Sales to join them in-house.",Treering Yearbooks,[generalist],65.0,70.0,85.0,40.0,FAIL,"The bullet describes a narrative event rather than a professional achievement or system-level contribution. It lacks specific tools, methodologies, or measurable outcomes, and relies on a subjective anecdote that is difficult to verify.",,RETIRED,,,,2026-06-27
147,2,False,CLOSED_OUT,- Collaborated with stakeholders to refine persona engagement tactics and improve lead quality across national outreach.,Treering Yearbooks,[content],50.0,45.0,55.0,40.0,PASS,"[""The bullet uses vague, corporate-speak verbs like 'collaborated' and 'refine' which fail to describe the actual work performed."", ""The term 'persona engagement tactics' is jargon-heavy and lacks context regarding the methodology or platform used."", ""The claim of 'improving lead quality' is an unexplained metric; there is no baseline, percentage increase, or timeframe provided to validate the success."", ""The scope 'national outreach' is overly broad and lacks the necessary detail to understand the scale of the project or the tools involved."", ""It fails to answer the 'how' and 'what' questions, leaving the manager unable to assess the candidate's actual technical or strategic contribution.""]",,RETIRED,,,,2026-06-27
153,2,False,CLOSED_OUT,"- Conducted CRM audit that surfaced $3M+ in untapped pipeline by resolving miscategorized records, refining filters, creating complex reports, and building performance dashboards.",Treering Yearbooks,[ops],75.0,70.0,85.0,80.0,PASS,"['The $3M figure is an unexplained metric; it is unclear if this represents potential revenue, closed-won deals, or simply a database valuation.', ""The term 'complex reports' is subjective and lacks technical specificity regarding the tools used (e.g., Salesforce, HubSpot, SQL, Tableau)."", 'The bullet fails to define the scope of the audit (e.g., number of records, timeframe, or specific CRM platform).', ""It is unclear how 'miscategorized records' were identified or what the specific logic was for the 'refining filters' process."", 'The causal link between the audit and the $3M is implied but not proven; it is unclear if the pipeline was actually converted or just identified.']",,RETIRED,,,,2026-06-27
171,2,False,CLOSED_OUT,"- Uncovered $3M+ in additional pipeline through advanced CRM segmentation, lead scoring, and data analysis.",Treering Yearbooks,[ops],65.0,60.0,75.0,85.0,PASS,"[""The metric '$3M+' is an unexplained claim that lacks context regarding the timeframe or the baseline performance."", ""The term 'advanced CRM segmentation' is a buzzword-heavy phrase that fails to specify the actual methodology or tools used (e.g., Salesforce, HubSpot, SQL, Python)."", ""The bullet fails to explain the 'how'—it is unclear if the candidate built the models, implemented the software, or simply interpreted existing reports."", ""There is no mention of the challenges faced or the specific business impact beyond the top-line pipeline figure, making it difficult to verify the candidate's individual contribution versus market conditions.""]",,RETIRED,,,,2026-06-27
200,2,False,CLOSED_OUT,"- Created branded enablement assets and presentation decks for webinars, virtual events, and partner outreach, reinforcing message clarity, visual consistency, and campaign cohesion across touchpoints.",Treering Yearbooks,[enablement],65.0,60.0,70.0,75.0,PASS,"[""The bullet relies on generic corporate jargon like 'reinforcing message clarity' and 'campaign cohesion' which lacks tangible evidence of impact."", 'It fails to specify the scale of the work (e.g., number of assets, size of audience, or frequency of events).', 'There is no mention of the tools used (e.g., Adobe Creative Suite, Canva, PowerPoint, Figma) or the specific metrics of success (e.g., increased lead conversion, improved partner engagement rates).', ""The action verb 'Created' is weak and does not convey the strategic depth or the complexity of the enablement process."", 'It is impossible to determine if the candidate was a contributor or the lead strategist, making it difficult to assess their actual level of responsibility.']",,RETIRED,,,,2026-06-27
211,3,False,CLOSED_OUT,"- Created journey maps, marketing calendars, and automation logic models that improved campaign efficiency.",Treering Yearbooks,[ops],50.0,45.0,60.0,55.0,PASS,"[""The bullet uses vague verbs like 'created' without specifying the strategic intent or the scale of the projects."", ""The metric 'improved campaign efficiency' is completely unexplained; it lacks a percentage, time-saving figure, or cost-reduction data."", 'It fails to mention the tools used (e.g., Salesforce, HubSpot, Miro, Jira), which are critical for verifying technical competency.', 'The scope is unclear; it is impossible to tell if this was for a single small campaign or a global enterprise marketing department.', ""The language is generic and lacks the 'how' or 'why' behind the automation logic models, making it difficult to assess the candidate's actual problem-solving ability.""]",,RETIRED,,,,2026-06-27
211,3,False,CLOSED_OUT,"- Created journey maps, marketing calendars, and automation logic models that improved efficiency and editorial consistency.",Treering Yearbooks,[ops] [writing],50.0,45.0,60.0,65.0,FAIL,"[""The bullet lacks any quantifiable metrics to define 'improved efficiency' or 'editorial consistency'."", 'It fails to specify the scale of the projects (e.g., number of journeys, size of the team, or volume of content).', 'The tools used for automation logic are not mentioned, leaving the technical proficiency ambiguous.', ""The impact is stated as a generic claim without explaining the 'how' or the 'what' of the outcome."", ""The phrasing is passive and relies on buzzwords like 'automation logic models' without context.""]",,RETIRED,,,,2026-06-27
223,2,False,CLOSED_OUT,- Cross-Functional Collaboration,Misc. / Unassigned,[generalist],20.0,20.0,30.0,40.0,PASS,"['The bullet is a noun phrase rather than an action-oriented achievement.', 'It lacks context regarding the scope, the departments involved, or the specific goal of the collaboration.', ""It fails to explain the 'how' or the 'what' of the contribution, making it impossible to verify."", 'It relies on a generic corporate buzzword without providing any measurable outcome or impact.', 'It does not answer any of the required questions regarding tools, challenges, or results.']",,RETIRED,,,,2026-06-27
225,2,False,CLOSED_OUT,"- Custom Reporting & Dashboards: Built advanced reports with bucket fields, conditional formatting, and dynamic filters to create user specific dashboards without redundant duplication",Treering Yearbooks,[ops],65.0,60.0,75.0,70.0,PASS,"['The bullet lacks a specific platform context (e.g., Salesforce, Tableau, PowerBI), making the technical skill set ambiguous.', ""The claim 'without redundant duplication' is a generic efficiency claim that lacks a quantifiable metric or baseline for comparison."", ""It fails to explain the business impact or the 'why' behind the reporting; it describes the task but not the value delivered to stakeholders."", ""The phrase 'advanced reports' is subjective and lacks evidence of complexity or scale."", 'It does not address the challenges faced during implementation or the specific data sources integrated.']",,RETIRED,,,,2026-06-27
227,2,False,CLOSED_OUT,- Designed real-time tracking dashboards to help employees and senior sales managers measure KPIs and goal progress efficiently.,Treering Yearbooks,[ops],65.0,55.0,70.0,60.0,PASS,"[""The bullet uses vague verbs like 'designed' without specifying the technical implementation or tools used (e.g., Tableau, PowerBI, SQL, Python)."", ""The impact is generic; 'measure KPIs efficiently' is a subjective claim that lacks a quantifiable outcome or business result."", 'It fails to define the scope of the project—was this for a team of 5 or a global organization of 5,000?', ""The phrase 'help employees and senior sales managers' is filler language that does not explain the actual value added to the business process."", ""It lacks the 'how' and 'what' components required to verify the candidate's actual technical contribution versus simply creating a visual layout.""]",,RETIRED,,,,2026-06-27
254,2,False,CLOSED_OUT,"- Designed and implemented highly segmented, data-informed email sequences with Outreach.io, nearly doubling lead-to meeting conversion rates through targeted A/B testing and continuous refinement.",Treering Yearbooks,[email] [ops],75.0,70.0,85.0,90.0,PASS,"[""The metric 'nearly doubling' is imprecise and lacks a baseline or timeframe, making it difficult to verify."", 'The bullet lacks context regarding the size of the lead pool or the specific industry, which impacts the credibility of the conversion rate improvement.', ""The term 'data-informed' is a buzzword that adds little value without explaining what specific data points or KPIs were prioritized."", ""It fails to specify the 'challenges' faced during the implementation or the specific nature of the 'continuous refinement' process.""]",,RETIRED,,,,2026-06-27
256,2,False,CLOSED_OUT,"- Designed and implemented scalable QA protocols, reducing content errors by 50%.",Treering Yearbooks,[generalist],50.0,45.0,60.0,70.0,PASS,"[""The term 'scalable QA protocols' is vague and lacks technical context regarding the methodology or tools used."", ""The 50% reduction in errors is an unexplained metric; it lacks a baseline, a timeframe, and a definition of what constitutes an 'error'."", ""The bullet fails to explain the 'how'—it is unclear if this was a manual process, an automated pipeline, or a change in organizational workflow."", 'The scope is undefined; it is impossible to determine if this impacted a team of 5 or 500, or if the content was software code, marketing copy, or data entries.', ""The verb 'designed' is generic and does not provide insight into the candidate's actual hands-on contribution versus oversight.""]",,RETIRED,,,,2026-06-27
269,2,False,CLOSED_OUT,"- Designed full-funnel lifecycle journeys tailored to each persona, behavior, and timing to enhance activation and retention.",Treering Yearbooks,[content],65.0,55.0,60.0,70.0,PASS,"[""The bullet uses vague verbs like 'designed' without specifying the execution or implementation details."", ""It lacks concrete metrics; 'enhance activation and retention' is a generic claim that provides no evidence of success or scale."", 'The scope is unclear; it does not specify the size of the user base, the number of personas, or the specific channels used.', ""It relies on buzzwords like 'full-funnel' and 'lifecycle journeys' without explaining the underlying strategy or tools (e.g., CRM, automation platforms)."", 'The manager test fails because it does not answer how the candidate achieved these results or what specific challenges they overcame.']",,RETIRED,,,,2026-06-27
288,2,False,CLOSED_OUT,"- Developed account-based marketing (ABM) messaging for Adobe eSign, resulting in two senior-level nominations.",Treering Yearbooks,[generalist],50.0,45.0,60.0,70.0,PASS,"[""The metric 'two senior-level nominations' is ambiguous and lacks context; it is unclear if these are industry awards, internal company recognitions, or something else entirely."", 'The bullet fails to explain the scale of the ABM campaign (e.g., target account size, revenue impact, or conversion rates).', ""The connection between 'messaging' and 'nominations' is tenuous and lacks a causal explanation."", 'It relies on a vague outcome that does not demonstrate business value or professional growth.', 'The language is generic and fails to specify the methodology or tools used to execute the ABM strategy.']",,RETIRED,,,,2026-06-27
299,2,False,CLOSED_OUT,"- Developed branded slide decks and visual assets for reps, execs, and school districts — including a Georgia PTA pitch that expanded reach across hundreds of schools and supported outreach, training, and conference campaigns.",Treering Yearbooks,[content],65.0,60.0,70.0,75.0,PASS,"[""The metric 'expanded reach across hundreds of schools' is vague and lacks a baseline or specific percentage of growth."", ""The bullet uses 'supported' which is a weak, passive verb that fails to define the candidate's specific contribution versus the team's effort."", ""The scope of the 'Georgia PTA pitch' is unclear; it is not evident if the candidate created the strategy or simply formatted the slides."", ""The impact on 'outreach, training, and conference campaigns' is stated without any qualitative or quantitative results, making it difficult to assess the candidate's effectiveness."", ""The bullet relies on buzzwords like 'branded' and 'visual assets' without specifying the design tools (e.g., Adobe Creative Suite, Figma, PowerPoint) used to execute the work.""]",,RETIRED,,,,2026-06-27
324,2,False,CLOSED_OUT,"- Developed teamwide cadences tailored to key audience segments, improving email response rates through thoughtful pacing, relevance, and brand voice consistency.",Treering Yearbooks,[content] [email],65.0,55.0,70.0,60.0,PASS,"[""The bullet lacks specific metrics; 'improving email response rates' is a generic claim without a percentage or baseline."", ""The term 'thoughtful pacing' is subjective and lacks technical substance."", ""It fails to define the 'key audience segments' or the size/scale of the team, making it difficult to assess the scope of responsibility."", ""The bullet relies on buzzwords like 'brand voice consistency' without explaining the methodology or tools (e.g., CRM, automation platforms) used to achieve the result."", ""It does not address the 'how' or the specific challenges faced during the implementation of these cadences.""]",,RETIRED,,,,2026-06-27
386,2,False,CLOSED_OUT,"- Developed targeted outbound outreach and ABM strategies for enterprise clients, including a pilot program for Adobe eSign.",Treering Yearbooks,[generalist],65.0,60.0,70.0,75.0,PASS,"['The bullet lacks specific outcomes or metrics (e.g., conversion rates, pipeline generated, or revenue impact).', ""The term 'targeted outbound outreach' is generic and does not explain the methodology or channels used."", ""The scope of the 'pilot program' is unclear; it fails to mention the duration, the target audience size, or the success criteria."", ""It relies on buzzwords like 'ABM strategies' without providing context on the tech stack or the specific account selection criteria."", ""The manager test fails because it does not demonstrate the candidate's ability to solve a business problem, only that they performed a task.""]",,RETIRED,,,,2026-06-27
395,2,False,CLOSED_OUT,"- 2x Top Seller and consistent top 10 performer, recognized for high-conversion lead generation and creative prospecting.",Treering Yearbooks,[ops],50.0,45.0,60.0,55.0,FAIL,"[""The metric '2x Top Seller' is ambiguous; it lacks a timeframe (e.g., 2x Top Seller in 2023) and a defined peer group size."", ""The term 'consistent top 10 performer' is unverifiable without knowing the total number of sales representatives in the organization."", ""The bullet relies on buzzwords like 'high-conversion' and 'creative prospecting' without providing specific methodologies, tools, or actual conversion percentages."", ""It fails to explain the 'how' or the 'what' regarding the prospecting strategy, making it impossible to assess the candidate's actual skill set."", 'The claim is generic and lacks the necessary context to distinguish between a high-performing environment and a small, low-competition team.']",,RETIRED,,,,2026-06-27
396,2,False,CLOSED_OUT,"- Developed personalized cadences and ABM-inspired campaigns for enterprise clients, including a pilot program for Adobe eSign.",Treering Yearbooks,[content] [email],65.0,60.0,70.0,75.0,PASS,"[""The term 'ABM-inspired' is vague and suggests a lack of formal ABM strategy execution."", ""The bullet fails to define the outcome of the 'personalized cadences' or the 'pilot program'."", 'It is unclear what the scope of the pilot program was (e.g., revenue impact, lead conversion, or just process testing).', ""The action verb 'Developed' is generic and does not specify the complexity of the work performed."", 'Lacks specific tools or platforms used to execute the cadences (e.g., Outreach, Salesloft, HubSpot).']",,RETIRED,,,,2026-06-27
397,2,False,CLOSED_OUT,- Advised on messaging and content personalization strategies to improve prospect response rates.,Treering Yearbooks,[content],50.0,45.0,60.0,55.0,PASS,"[""The bullet uses vague verbs like 'advised' which fails to define the actual contribution or level of authority."", ""It lacks any quantifiable outcome; 'improve' is a direction, not a result."", 'There is no mention of the tools, platforms, or specific methodologies used to execute the personalization.', 'The scope is unclear; it does not specify the size of the prospect pool, the industry, or the duration of the project.', ""It relies on generic business jargon that provides no insight into the candidate's specific problem-solving capabilities.""]",,RETIRED,,,,2026-06-27
403,2,False,CLOSED_OUT,"- Owned a portfolio of 2,000+ accounts, leading segmentation, prospect research, email strategy, and cadence optimization",Treering Yearbooks,[email] [ops],65.0,60.0,75.0,85.0,PASS,"[""The term 'Owned' is vague and fails to define the actual scope of responsibility (e.g., were they managing the accounts, selling to them, or just maintaining data?)."", 'The bullet lacks a clear outcome or impact metric; managing 2,000 accounts is a volume metric, not a performance metric.', ""The list of activities (segmentation, research, strategy, optimization) is a generic 'laundry list' that fails to explain the methodology or the tools used."", 'It is unclear if the candidate achieved any growth, retention, or conversion results from these efforts, making it difficult to assess their actual competence.']",,RETIRED,,,,2026-06-27
408,2,False,CLOSED_OUT,"- Founded and led Treering's internal Content Committee to align messaging across Sales, Support, and Marketing.",Treering Yearbooks,[content] [enablement],65.0,60.0,70.0,60.0,PASS,"['The bullet lacks a quantifiable outcome or impact metric (e.g., did this increase conversion, reduce churn, or improve lead quality?).', ""The term 'align messaging' is vague and corporate-speak; it does not explain the actual mechanism or strategy used to achieve this alignment."", 'It fails to specify the size of the committee or the duration of the leadership, making it difficult to assess the scope of responsibility.', ""The 'Manager Test' fails because it does not demonstrate how the candidate solved a specific business problem, only that they held a meeting or formed a group.""]",,RETIRED,,,,2026-06-27
410,2,False,CLOSED_OUT,- First outbound team member to surpass $1M in revenue—setting a new benchmark for SDR performance.,Treering Yearbooks,[generalist],75.0,70.0,90.0,85.0,PASS,"['Lacks context on the timeframe (e.g., was this in one year, six months, or a career total?)', ""Missing the 'how'—no mention of the strategy, tools, or market segment used to achieve this result."", ""The term 'benchmark' is subjective without knowing the previous company average or the size of the team."", 'Fails to specify if the $1M is in closed-won revenue, pipeline generated, or ACV, which is critical for an SDR role.', ""The claim of being the 'first' is difficult to verify and often sounds like resume inflation.""]",,RETIRED,,,,2026-06-27
422,2,False,CLOSED_OUT,"- Navigated multi-stakeholder deals spanning 9+ months, managing competing priorities, objections, and district-specific needs.",Treering Yearbooks,[generalist],65.0,60.0,70.0,75.0,PASS,"[""The bullet uses vague verbs like 'navigated' which fails to define the specific role (e.g., lead, support, close, negotiate)."", ""The term 'multi-stakeholder' is a buzzword that lacks context regarding the size or complexity of the organizations involved."", 'The outcome is entirely missing; it describes the process of managing a deal but fails to state if the deal was won, the revenue generated, or the impact on the district.', ""The phrase 'competing priorities' is generic and does not explain the nature of the conflict or the strategy used to resolve it."", ""It lacks mention of specific tools (e.g., Salesforce, CRM) or methodologies (e.g., MEDDIC, Challenger) that would validate the candidate's professional experience.""]",,RETIRED,,,,2026-06-27
425,2,False,CLOSED_OUT,"- Created custom outreach programs targeting PTA Councils and school districts, facilitating high-value partnerships with regional education groups like the Georgia PTA which oversees PTA units at 1,279 schools statewide.",Treering Yearbooks,[generalist],75.0,70.0,85.0,80.0,PASS,"[""The bullet uses vague verbs like 'created' and 'facilitating' without explaining the specific strategy or methodology used to secure these partnerships."", ""It lacks information on the 'how'—did the candidate cold-call, attend conferences, or leverage existing networks?"", ""The metric (1,279 schools) describes the size of the partner organization rather than the candidate's actual impact or the specific results of the partnership (e.g., conversion rate, revenue generated, or adoption numbers)."", 'It fails to mention the tools or CRM systems used to manage these outreach programs.', ""The scope is unclear; it is not stated whether these partnerships were successful in achieving a specific business goal or if they were merely 'facilitated' as a task.""]",,RETIRED,,,,2026-06-27
453,2,False,CLOSED_OUT,"- Founded cross-functional Content Committee, aligning Sales and Marketing for improved deal velocity and brand consistency.",Treering Yearbooks,[content] [enablement],65.0,60.0,75.0,70.0,PASS,"[""The metric 'improved deal velocity' is unexplained; it lacks a percentage or time-based quantification."", ""The term 'Content Committee' is vague; it does not specify the size of the group or the frequency of collaboration."", ""The bullet relies on buzzwords like 'aligning' and 'cross-functional' without detailing the specific operational friction that was resolved."", ""It fails to define the 'how'—what specific processes or tools were implemented to bridge the gap between Sales and Marketing?"", 'The outcome is qualitative rather than quantitative, making it difficult to verify the actual business impact.']",,RETIRED,,,,2026-06-27
485,2,False,CLOSED_OUT,- Launched access-first campaigns that ensured students received a yearbook regardless of school budget.,Treering Yearbooks,[generalist],65.0,70.0,80.0,50.0,FAIL,"The bullet fails because it uses a dash in the prose ('access-first'), which is prohibited by the rules. Additionally, the claim is vague regarding the 'how' and the scale of the impact, making it difficult to verify the outcome.",,RETIRED,,,,2026-06-27
489,2,False,CLOSED_OUT,"- Led CRM audit that uncovered $3M+ in pipeline; cleaned records, refined filters, and built dashboards to drive actionable insights.",Treering Yearbooks,[ops],75.0,70.0,85.0,80.0,FAIL,"The bullet ends with a period, which violates the strict formatting rule. Additionally, the claim of uncovering $3M+ in pipeline is vague; it lacks context on how the audit directly linked to that specific dollar amount, making it feel like an inflated metric.",,RETIRED,,,,2026-06-27
512,2,False,CLOSED_OUT,"- Led internal sales enablement and training sessions focused on CRM best practices, pipeline management, and sales strategy.",Treering Yearbooks,[enablement] [ops],65.0,70.0,80.0,60.0,FAIL,"The bullet reads as a task description rather than an outcome statement. It lacks specific metrics (e.g., number of sessions, percentage increase in CRM adoption, or pipeline velocity improvement) and uses generic language that fails to demonstrate the impact of the training.",,RETIRED,,,,2026-06-27
530,2,False,CLOSED_OUT,"- Managed email calendar and segmentation strategy for year-long lifecycle campaigns, ensuring consistent brand voice and timing.",Treering Yearbooks,[content] [email] [mgmt] [ops],65.0,70.0,80.0,75.0,FAIL,"The bullet uses the word 'Managed', which is a weak, generic action verb that often masks task-based work rather than outcome-based achievements. It lacks specific metrics (e.g., open rates, conversion lift, or list size) to verify the impact of the segmentation strategy.",,RETIRED,,,,2026-06-27
553,2,False,CLOSED_OUT,- Developing email sequences that became foundational templates for a 20+ member team.,Treering Yearbooks,[email],75.0,80.0,85.0,70.0,FAIL,"The bullet uses a present participle ('Developing') instead of a strong past-tense action verb, and it ends with a period, which violates the formatting constraints.",,RETIRED,,,,2026-06-27
568,4,False,CLOSED_OUT,"- Managed a remote team of 4–6 SDRs, providing campaign strategy support and daily ops troubleshooting.",Treering Yearbooks,[content] [mgmt],65.0,70.0,80.0,60.0,FAIL,"The bullet uses the phrase 'providing campaign strategy support' which is vague and borders on 'helped with' or 'assisted with' language. It describes tasks (troubleshooting, support) rather than outcomes or systems built. The use of a dash in '4–6' is acceptable, but the overall construction is too task-oriented.",,RETIRED,,,,2026-06-27
568,4,False,CLOSED_OUT,"- Managed a remote team of 4–6 SDRs, providing campaign strategy support, engagement insights, and daily ops troubleshooting.",Treering Yearbooks,[content] [mgmt],65.0,70.0,80.0,75.0,FAIL,"The bullet uses a dash in prose (4–6), which violates the formatting rules. Additionally, 'Managed' is a weak, generic action verb that describes a task rather than a specific outcome or system architecture.",,RETIRED,,,,2026-06-27
568,4,False,CLOSED_OUT,"- Mentored a remote team of 4–6 SDRs, providing campaign strategy support and daily ops troubleshooting.",Treering Yearbooks,[content] [mgmt],65.0,70.0,80.0,60.0,FAIL,"The bullet uses the phrase 'support' which is a weak, task-oriented verb that fails to define the actual outcome or system improvement. It also uses a dash in the prose (4–6), which violates the formatting constraints.",,RETIRED,,,,2026-06-27
612,3,False,CLOSED_OUT,"- Partnered with Marketing, Product, Customer Support, and Sales Operations to align campaign goals, improve segmentation, and translate performance data into campaign refinements.",Treering Yearbooks,[ops],50.0,60.0,70.0,40.0,FAIL,"The bullet uses the vague verb 'Partnered with', which is a common proxy for 'helped with' or 'worked on'. It lacks specific metrics, tools, or a clear outcome, reading more like a list of departments rather than a description of a system or infrastructure built.",,RETIRED,,,,2026-06-27
612,3,False,CLOSED_OUT,"- Partnered with Marketing, Product, Customer Support, and Sales Operations to align campaign goals, improve segmentation, and translate performance data into refinements.",Treering Yearbooks,[ops],45.0,50.0,60.0,40.0,FAIL,"The bullet uses the vague, passive verb 'Partnered with' which is a common filler for 'worked with.' It lacks any specific metrics, tools, or tangible outcomes, reading as a generic task description rather than a systems-level achievement. It fails to explain how the alignment was achieved or what the specific impact on segmentation or performance was.",,RETIRED,,,,2026-06-27
641,2,False,CLOSED_OUT,"- Promoted to Senior SDR and manager of a remote team of 4–6; led 1:1s, call coaching, QA, and monthly team training for 20+ reps",Treering Yearbooks,[enablement] [mgmt],75.0,80.0,85.0,70.0,FAIL,"The bullet contains a dash in the phrase '4–6' which violates the rule against using dashes in prose, and it ends with a period which is explicitly forbidden.",,RETIRED,,,,2026-06-27
645,2,False,CLOSED_OUT,"- Promoted to lead a 12-person team in six months; owned wrap-up of Treering project, receiving compliments on deliverables.",Inside Sales Team,[mgmt],65.0,70.0,80.0,60.0,FAIL,"The bullet contains a dash in prose, which is prohibited. Additionally, 'receiving compliments on deliverables' is subjective and unverifiable, failing the requirement for concrete outcomes.",,RETIRED,,,,2026-06-27
651,2,False,CLOSED_OUT,- Recruited by Treering’s Head of Sales based on systematic approach to campaign optimization and sales process improvement.,Inside Sales Team,[generalist],40.0,50.0,70.0,30.0,FAIL,The bullet describes a hiring event rather than a professional achievement or system outcome. It relies on a subjective claim about being 'recruited' which is unverifiable and lacks specific metrics or tools. It fails to demonstrate the candidate's actual work output.,,RETIRED,,,,2026-06-27
654,2,False,CLOSED_OUT,"- Ran A/B tests for subject lines, timing, and content, including AI-assisted drafts, driving measurable increases in engagement.",Treering Yearbooks,[email],55.0,60.0,70.0,65.0,FAIL,"The bullet uses the banned phrase 'Ran' (task-based), lacks specific metrics for the 'measurable increases' claimed, and uses vague language ('content', 'engagement') that fails to define the scope or the specific impact of the AI-assisted drafts.",,RETIRED,,,,2026-06-27
665,3,False,CLOSED_OUT,"- Recognized as a strong performer, consistently ranking in the Top 10 sellers for reaching and exceeding key metrics.",Treering Yearbooks,[ops],40.0,50.0,70.0,30.0,FAIL,"The bullet uses vague, unverifiable superlatives ('strong performer'), lacks specific metrics or context, and fails to describe a system or outcome, reading instead as a generic self-assessment.",,RETIRED,,,,2026-06-27
665,3,False,CLOSED_OUT,"- Recognized as a strong performer, consistently ranking in the Top 10 sellers for reaching and exceeding key metrics.",Inside Sales Team,[ops],40.0,50.0,70.0,30.0,FAIL,"The bullet uses vague, unverifiable superlatives ('strong performer'), lacks specific metrics or context, and fails to describe a system or outcome, reading instead as a generic self-assessment.",,RETIRED,,,,2026-06-27
666,3,False,CLOSED_OUT,- Recruited by Treering Yearbooks’ Head of Sales due to outstanding project management and impactful sales contributions.,Treering Yearbooks,[generalist],40.0,50.0,70.0,30.0,FAIL,"The bullet relies on subjective, unverifiable claims ('outstanding', 'impactful') rather than concrete outcomes or systems. It describes a hiring narrative rather than a professional achievement or technical contribution, making it generic and difficult to validate.",,RETIRED,,,,2026-06-27
666,3,False,CLOSED_OUT,- Recruited by Treering Yearbooks’ Head of Sales due to outstanding project management and impactful sales contributions.,Inside Sales Team,[generalist],40.0,50.0,70.0,30.0,FAIL,"The bullet relies on subjective, unverifiable claims ('outstanding', 'impactful') rather than concrete outcomes or systems. It describes a hiring narrative rather than a professional achievement or technical contribution, making it generic and difficult to validate.",,RETIRED,,,,2026-06-27
676,2,False,CLOSED_OUT,"- Regularly surveyed internal stakeholders to collect information, ensuring content alignment with user needs and continually refining messaging strategies for optimal performance.",Treering Yearbooks,[generalist],45.0,50.0,60.0,40.0,FAIL,"The bullet uses vague, generic language ('optimal performance', 'ensuring content alignment') and fails to describe a specific system or outcome. It reads as a task description rather than an achievement, and lacks concrete metrics or specific tools used to conduct the surveys or refine the strategy.",,RETIRED,,,,2026-06-27
692,2,False,CLOSED_OUT,"- Served as primary resource for Salesforce reports, dashboards, and team troubleshooting; led monthly SDR workshops.",Treering Yearbooks,[enablement] [ops],65.0,70.0,80.0,75.0,FAIL,"The bullet uses the phrase 'Served as', which is a passive, weak construction similar to 'responsible for'. It describes a task-based role rather than an outcome-oriented system or infrastructure improvement. It lacks specific metrics regarding the impact of the reports or the workshops.",,RETIRED,,,,2026-06-27
742,4,False,CLOSED_OUT,- Awarded Top Seller of hiring class and ranked in the company's Top 10 Performers for the first two months,Inside Sales Team,[mgmt] [ops],75.0,70.0,90.0,60.0,FAIL,"The bullet uses a passive construction ('Awarded') rather than a strong action verb, lacks context regarding the scale of the hiring class or the company size, and fails to explain the methodology or metrics used to define 'Top Seller' status.",,RETIRED,,,,2026-06-27
742,4,False,CLOSED_OUT,- Awarded Top Seller of hiring class and ranked in the company’s Top 10 Performers for the first two months,Inside Sales Team,[mgmt] [ops],75.0,70.0,90.0,60.0,FAIL,"The bullet ends with a period, which violates the formatting rules. Additionally, it lacks context regarding the scale of the hiring class or the company size, making the 'Top 10' claim difficult to contextualize.",,RETIRED,,,,2026-06-27
767,2,False,CLOSED_OUT,"- Qualified leads using persona traits, engagement behavior, and account scoring logic.",Inside Sales Team,[content],75.0,80.0,85.0,70.0,PASS,The bullet is slightly generic; it describes a standard process without specifying the scale of leads processed or the specific CRM/MAP tools used to implement the scoring logic.,,RETIRED,,,,2026-06-27
768,2,False,CLOSED_OUT,"- Proposed an ABM-style content strategy for Adobe eSign, earning a nomination for a senior copywriting role.",Inside Sales Team,[content] [writing],75.0,80.0,85.0,70.0,FAIL,"The bullet ends with a period, which violates the formatting constraints. Additionally, the outcome (earning a nomination) is subjective and difficult to verify as a professional achievement compared to a business metric like conversion rate or engagement.",,RETIRED,,,,2026-06-27
769,3,False,CLOSED_OUT,- Ranked among Top 10 reps within two months; promoted to lead a 12-person team in six months.,Inside Sales Team,[mgmt] [ops],75.0,70.0,90.0,60.0,FAIL,"The bullet uses a dash in the prose, which violates the formatting rules. Additionally, the claim of being 'Top 10' is unverifiable without context regarding the size of the sales organization (e.g., Top 10 out of 20 vs. Top 10 out of 500).",,RETIRED,,,,2026-06-27
769,3,False,CLOSED_OUT,- Ranked among the Top 10 reps within two months; promoted to lead a 12-person team in six months.,Inside Sales Team,[mgmt] [ops],75.0,70.0,90.0,60.0,FAIL,"The bullet uses a dash in the prose, which is prohibited by the formatting rules. Additionally, it lacks context regarding the industry or the specific metrics used to define 'Top 10' status, making the claim feel slightly generic.",,RETIRED,,,,2026-06-27
772,2,False,CLOSED_OUT,- Earned Top Seller honors in the hiring class and ranked in the company's Top 10 for the first two months.,Inside Sales Team,[mgmt] [ops],65.0,70.0,90.0,40.0,FAIL,"The bullet ends with a period, which violates the formatting constraints. Additionally, 'Top Seller honors' is vague without context regarding the size of the hiring class or the total number of employees in the company, making the metric difficult to verify.",,RETIRED,,,,2026-06-27
773,2,False,CLOSED_OUT,"- Managed a high-volume cold outreach pipeline, consistently exceeding engagement, conversion rates, and lead quality metrics.",Inside Sales Team,[email] [mgmt] [ops],40.0,50.0,70.0,60.0,FAIL,"The bullet uses vague superlatives ('consistently exceeding') without providing specific metrics or context. It fails to define the scale of the 'high-volume' pipeline and lacks specific tools or methodologies used to achieve the results, making it a generic task description.",,RETIRED,,,,2026-06-27
774,2,False,CLOSED_OUT,- Promoted in 6 months to lead a 12-member team aer consistently meeting goals and contributing to process improvement.,Inside Sales Team,[generalist],65.0,70.0,75.0,50.0,FAIL,"The bullet contains a typo ('aer'), uses vague language ('consistently meeting goals'), and lacks specific context regarding the nature of the team or the process improvements implemented.",,RETIRED,,,,2026-06-27
775,3,False,CLOSED_OUT,- Nominated for senior ABM/copywriting role aer standout contributions to messaging strategy and campaign ideation.,Inside Sales Team,[writing],40.0,50.0,60.0,40.0,FAIL,"The bullet uses a passive, unverifiable claim ('Nominated for...') which is not a professional achievement. It lacks specific metrics, tools, or concrete outcomes, and relies on subjective praise ('standout contributions') rather than demonstrating impact.",,RETIRED,,,,2026-06-27
775,3,False,CLOSED_OUT,- Nominated for senior ABM/copywriting role after standout contributions to messaging strategy and campaign ideation.,Inside Sales Team,[writing],40.0,50.0,70.0,40.0,FAIL,"The bullet relies on subjective, unverifiable claims ('standout contributions') rather than objective outcomes. It describes a nomination rather than a professional achievement or system-level impact. It lacks specific metrics, tools, or concrete evidence of the messaging strategy's success.",,RETIRED,,,,2026-06-27
807,2,False,CLOSED_OUT,"- Proposed ABM-informed content strategy for Adobe eSign, combining CRM insights with tailored messaging.",Inside Sales Team,[content] [ops],75.0,80.0,85.0,80.0,PASS,The bullet is slightly passive by using 'Proposed' rather than a stronger verb like 'Architected' or 'Executed' to indicate the strategy was actually implemented.,,RETIRED,,,,2026-06-27
811,2,False,CLOSED_OUT,"- Proposed messaging and content strategies for Adobe and education-sector clients, earning nomination for a senior ABM role.",Inside Sales Team,[generalist],65.0,70.0,85.0,75.0,FAIL,"The bullet fails because it ends with a period, which is explicitly prohibited by the instructions. Additionally, 'earning nomination' is a vague, unverifiable outcome that lacks concrete evidence of impact or scale.",,RETIRED,,,,2026-06-27
867,2,False,CLOSED_OUT,"- Managed integrated campaigns across apparel, print, signage, and social, prioritizing cohesion and brand alignment.",Element 8 / Strategy LLC,[content] [mgmt],50.0,65.0,70.0,40.0,FAIL,"The bullet uses the vague verb 'Managed' and lacks any quantifiable outcome or specific scale. It reads as a task description rather than an achievement, and 'prioritizing cohesion and brand alignment' is generic corporate filler that fails to demonstrate actual impact.",,RETIRED,,,,2026-06-27
868,2,False,CLOSED_OUT,"- Developed premium apparel and print designs with Adobe Creative Suite, collaborating with vendors and overseeing advanced print processes such as spot gloss and UV coatings, delivering standout, high-quality products.",Element 8 / Strategy LLC,[mgmt],75.0,80.0,85.0,80.0,FAIL,"The bullet ends with a period, which violates the formatting constraint. Additionally, the phrase 'delivering standout, high-quality products' is subjective filler that adds no verifiable value.",,RETIRED,,,,2026-06-27
895,3,False,CLOSED_OUT,"- Crafted Strategy's brand identity from scratch, which they still use 15 years later",Element 8 / Strategy LLC,[content],75.0,70.0,90.0,60.0,FAIL,"The bullet ends with a period, which violates the formatting constraints. Additionally, the claim of '15 years later' is difficult to verify and borders on anecdotal rather than professional evidence.",,RETIRED,,,,2026-06-27
895,3,False,CLOSED_OUT,"- Crafted Strategy’s brand identity from scratch, which they still use 15 years later",Element 8 / Strategy LLC,[content],75.0,70.0,90.0,60.0,FAIL,"The bullet uses a dash in the prose, which is prohibited by the formatting rules. Additionally, the claim regarding the 15-year longevity of the brand identity is difficult to verify and borders on a generic superlative claim.",,RETIRED,,,,2026-06-27
910,2,False,CLOSED_OUT,"- Designed high-impact marketing materials, including signage, apparel, and promotional content, using Adobe Creative Suite.",Element 8 / Strategy LLC,[content],65.0,70.0,85.0,75.0,FAIL,"The phrase 'high-impact' is a subjective superlative that lacks evidence or context. The bullet describes a task list rather than an outcome or system, and the scope of the work is too generic to distinguish the candidate's specific contribution.",,RETIRED,,,,2026-06-27
914,2,False,CLOSED_OUT,"- Led creative direction during agency restructuring, developing brand identity systems still in use today.",Element 8 / Strategy LLC,[content],75.0,80.0,85.0,70.0,PASS,"The phrase 'still in use today' is a common resume trope that is difficult to verify; the bullet would be stronger if it specified the scale of the brand identity or the specific output (e.g., design system, visual guidelines).",,RETIRED,,,,2026-06-27
919,4,False,CLOSED_OUT,"- Supported integrated digital and print campaigns, managing CMS updates, Google Ads, and Google Analytics reporting.",Element 8 / Strategy LLC,[ops],50.0,60.0,70.0,65.0,FAIL,The bullet uses the banned phrase 'Supported' and reads as a task description rather than an outcome-oriented statement. It lacks specific metrics or evidence of the scale of the campaigns managed.,,RETIRED,,,,2026-06-27
919,4,False,CLOSED_OUT,"- Supported integrated digital and print campaigns by managing CMS updates, Google Ads, and Google Analytics.",Element 8 / Strategy LLC,[ops],50.0,60.0,70.0,65.0,FAIL,The bullet uses the banned phrase 'Supported' and reads as a task description rather than an outcome-oriented statement. It lacks specific metrics or evidence of the impact of the campaigns managed.,,RETIRED,,,,2026-06-27
919,4,False,CLOSED_OUT,"- Supported integrated digital and print campaigns, managing CMS updates, Google Ads, and Analytics.",Element 8 / Strategy LLC,[ops],50.0,60.0,70.0,65.0,FAIL,"The bullet uses the banned phrase 'Supported', reads as a task description rather than an outcome statement, and lacks specific metrics or scope to verify the impact of the campaigns managed.",,RETIRED,,,,2026-06-27
925,2,False,CLOSED_OUT,"- Led creative direction during company restructuring, developing visual systems still in use today.",Element 8 / Strategy LLC,[content],65.0,70.0,80.0,60.0,FAIL,"The bullet fails because it ends with a period, which is explicitly prohibited by the instructions. Additionally, the claim 'still in use today' is a subjective assertion that is difficult to verify and borders on generic filler.",,RETIRED,,,,2026-06-27
930,2,False,CLOSED_OUT,"- Managed multi-channel project delivery, coordinated cross-team collaboration, and ensured end-to-end creative execution.",Element 8 / Strategy LLC,[content] [mgmt],30.0,40.0,50.0,30.0,FAIL,"The bullet uses generic, high-level corporate jargon ('managed', 'coordinated', 'ensured') that fails to describe specific systems, tools, or measurable outcomes. It reads as a task description rather than an achievement and lacks any verifiable metrics or context.",,RETIRED,,,,2026-06-27
938,2,False,CLOSED_OUT,- Leveraged Google Analytics and ad performance insights to inform content direction and creative strategy.,Element 8 / Strategy LLC,[content] [ops],65.0,70.0,80.0,75.0,FAIL,"The bullet is too generic and reads as a task description rather than an outcome statement. It fails to specify the scale of the content, the nature of the creative strategy, or the actual impact of the insights on business performance.",,RETIRED,,,,2026-06-27
952,2,False,CLOSED_OUT,"- Handpicked by Element 8’s CEO for promotion to Lead Graphic Designer at his new venture, Strategy LLC",Element 8 / Strategy LLC,[content] [mgmt],65.0,60.0,85.0,40.0,FAIL,"The bullet relies on a subjective narrative ('Handpicked by CEO') rather than demonstrating professional competency, systems, or measurable outcomes. It lacks technical detail and reads as a personal anecdote rather than a professional achievement.",,RETIRED,,,,2026-06-27
957,3,False,CLOSED_OUT,- Recruited by the CEO of Element 8 to lead brand development for his next venture — a visual identity still in use 15 years later.,Element 8 / Strategy LLC,[content],85.0,80.0,90.0,70.0,FAIL,"Contains a dash in prose, which is explicitly prohibited by the manager test rules.",,RETIRED,,,,2026-06-27
963,2,False,CLOSED_OUT,"- Presented design rationale directly to stakeholders, led on-site meetings, and refined deliverables in real time.",Element 8 / Strategy LLC,[generalist],65.0,70.0,80.0,50.0,FAIL,"The bullet describes a task rather than a system or outcome, lacks specific metrics or tools, and uses generic language that could apply to any role involving client interaction.",,RETIRED,,,,2026-06-27
991,3,False,CLOSED_OUT,"- Attended a concept-intensive portfolio program focusing on campaign ideation, copywriting, and art direction.",VML,[writing],40.0,50.0,70.0,30.0,FAIL,"The bullet describes a passive activity (attending a program) rather than an outcome or professional contribution. It uses vague, filler-heavy language ('concept-intensive') and fails to demonstrate any actual work product or measurable impact.",,RETIRED,,,,2026-06-27
991,3,False,CLOSED_OUT,"- Attended a concept-intensive, strategy-first portfolio program focusing on campaign ideation, copywriting, and art direction.",Vidyard,[writing],40.0,50.0,60.0,30.0,FAIL,"The bullet describes a training program rather than professional work experience, uses vague buzzwords like 'concept-intensive' and 'strategy-first', and fails to demonstrate an outcome or system-level contribution.",,RETIRED,,,,2026-06-27
998,2,False,CLOSED_OUT,"- Presented creative concepts to senior leadership, earning recognition for strategic thinking and execution quality.",VML,[content],40.0,50.0,70.0,30.0,FAIL,"The bullet is generic and lacks verifiable outcomes. 'Earning recognition' is subjective and unverifiable, and the bullet fails to specify the nature of the creative concepts, the tools used, or the business impact of the strategic thinking.",,RETIRED,,,,2026-06-27
1002,3,False,CLOSED_OUT,"- Contributed to 200+ page digital strategy report for Carlson Hotels, shaping web conversion and cross-channel campaigns.",VML,[content] [writing],65.0,70.0,80.0,75.0,FAIL,"The bullet uses the banned phrase 'Contributed to', which is a weak, passive action verb that fails to define the candidate's specific ownership or impact on the project.",,RETIRED,,,,2026-06-27
1003,2,False,CLOSED_OUT,- Authored a 200+-page ditigal strategy report for Carlson Hotels that informed site conversion and content planning,VML,[content] [writing],85.0,90.0,95.0,80.0,FAIL,"The bullet contains a dash in the phrase '200+-page', which violates the rule prohibiting dashes in prose.",,RETIRED,,,,2026-06-27
1031,2,False,CLOSED_OUT,- Created a pitch deck for Carlson Hotels that received direct praise from the VML’s CEO for exceptional branding and design.,VML,[content],75.0,70.0,90.0,60.0,FAIL,"The bullet uses the subjective adjective 'exceptional' which is a form of padding. Additionally, the claim relies on anecdotal praise rather than a measurable business outcome or specific design contribution, making it difficult to verify as a professional achievement.",,RETIRED,,,,2026-06-27
1039,2,False,CLOSED_OUT,"- Designed and presented pitch deck to VML’s CEO and executive creative director, earning praise for quality and execution.",VML,[content],65.0,70.0,90.0,60.0,FAIL,The bullet relies on subjective praise ('earning praise') which is unverifiable and lacks a tangible business outcome or system impact. It reads as a task description rather than a strategic contribution.,,RETIRED,,,,2026-06-27
1050,2,False,CLOSED_OUT,- Developed a pitch presentation for Carlson Hotels that received direct praise from VML's CEO,VML,[generalist],65.0,60.0,90.0,40.0,FAIL,"The bullet describes a task (developed a presentation) rather than a system or outcome. The claim of 'direct praise' is unverifiable and subjective, making it difficult to assess the actual professional impact or scope of the work.",,RETIRED,,,,2026-06-27
1056,3,False,CLOSED_OUT,"- Drafted copy for print, digital, social, and experiential media, adapting rapidly to diverse brand guidelines.",VML,[writing],65.0,70.0,85.0,60.0,FAIL,"The bullet describes a task rather than an outcome or system. It lacks specific metrics or evidence of impact, and 'adapting rapidly' is a subjective, unverifiable claim that borders on filler language.",,RETIRED,,,,2026-06-27
1056,3,False,CLOSED_OUT,"- Drafted copy for print, digital, social, and experiential media, adapting to diverse brand guidelines and objectives.",VML,[writing],50.0,65.0,70.0,40.0,FAIL,"The bullet reads as a task description rather than an outcome statement. It lacks specific metrics, tools, or tangible results, making it generic enough to apply to any marketing role without evidence of impact.",,RETIRED,,,,2026-06-27
1060,3,False,CLOSED_OUT,"- Handpicked to write a 6-email nurture campaign for SAP, demonstrating versatility in complex technical and brand messaging.",VML,[email],75.0,70.0,85.0,70.0,FAIL,"The phrase 'demonstrating versatility' is subjective filler that adds no measurable value. The bullet fails to describe the outcome of the campaign (e.g., open rates, conversion, or lead generation), making it read as a task description rather than an outcome-oriented achievement.",,RETIRED,,,,2026-06-27
1060,3,False,CLOSED_OUT,"- Handpicked to write a six-email nurture campaign for SAP, demonstrating versatility in technical and brand messaging.",VML,[email],65.0,70.0,85.0,75.0,FAIL,"The bullet uses the phrase 'demonstrating versatility,' which is subjective and lacks a measurable outcome or specific impact. It reads as a task description rather than an outcome-oriented statement, and 'handpicked' is a subjective claim that is difficult to verify.",,RETIRED,,,,2026-06-27
1061,4,False,CLOSED_OUT,"- Mentored by Executive Creative Director Arlo Oviatt, earning praise and encouragement to pursue a career in the field.",VML,[mgmt],40.0,50.0,80.0,20.0,FAIL,"The bullet describes a personal experience rather than a professional contribution or outcome. It fails to demonstrate a system, infrastructure, or measurable impact, and relies on subjective praise rather than objective performance.",,RETIRED,,,,2026-06-27
1061,4,False,CLOSED_OUT,"- Mentored by Executive Creative Director Arlo Oviatt, earning encouragement to pursue a career in creative advertising.",Bernstein Rein,[mgmt],40.0,50.0,80.0,20.0,FAIL,"The bullet describes a personal interaction rather than a professional achievement or system-level contribution. It lacks measurable outcomes, professional impact, or relevant technical skills, making it unsuitable for a resume.",,RETIRED,,,,2026-06-27
1061,4,False,CLOSED_OUT,"- Mentored by Executive Creative Director Arlo Oviatt, earning praise and encouragement to pursue a career in the field.",Vidyard,[mgmt],40.0,50.0,80.0,20.0,FAIL,"The bullet describes a personal experience rather than a professional contribution or outcome. It fails to demonstrate a system, infrastructure, or measurable impact, and relies on subjective praise rather than objective performance.",,RETIRED,,,,2026-06-27
1062,2,False,CLOSED_OUT,"- Built a personal portfolio that laid the foundation for a career in brand storytelling, visual clarity, and strategy-first creative work.",VML,[content],40.0,50.0,60.0,30.0,FAIL,"The bullet is overly generic and uses subjective, non-verifiable descriptors like 'brand storytelling' and 'strategy-first creative work' without providing concrete evidence, metrics, or specific technical tools used. It reads as a personal mission statement rather than a professional achievement.",,RETIRED,,,,2026-06-27
1097,2,False,CLOSED_OUT,"- Concepted and executed print, radio, web, and outdoor campaigns for finance, pet nutrition, and public health.",Callahan Creek,[writing],65.0,70.0,85.0,60.0,FAIL,"The bullet reads as a task description rather than an outcome statement. It lacks specific metrics or evidence of impact, and the scope is too broad, making it feel like a generic list of duties rather than a professional achievement.",,RETIRED,,,,2026-06-27
1134,2,False,CLOSED_OUT,"- Kansas Colloquies, Layout Assistant + Reporter + Film Columnist",Kansas Colloquies,[generalist],30.0,40.0,50.0,20.0,FAIL,"The bullet is a list of titles rather than a professional achievement statement. It lacks an action verb, fails to describe a system or outcome, and provides no context regarding the scale or impact of the work performed.",,RETIRED,,,,2026-06-27
1145,2,False,CLOSED_OUT,"- Pitched creative concepts for two major campaigns, both of which were selected for further development.",Callahan Creek,[content],65.0,70.0,85.0,50.0,FAIL,"The bullet is too generic and lacks specific context regarding the scale of the campaigns, the industry, or the tools/methodologies used. It reads as a task description rather than a systems or outcome-focused achievement.",,RETIRED,,,,2026-06-27
1173,3,False,CLOSED_OUT,"- Certified in personalized video strategy to improve engagement, humanize outreach, and boost conversion",Vidyard,[content] [email],40.0,50.0,60.0,30.0,FAIL,"The bullet describes a certification rather than a professional achievement or system implementation. It uses vague, outcome-oriented buzzwords ('humanize outreach', 'boost conversion') without providing specific metrics or evidence of application. It fails to explain the 'how' or the scale of the work performed.",,RETIRED,,,,2026-06-27
1173,3,False,CLOSED_OUT,"- Trained in personalized video strategy to improve engagement, humanize outreach, and boost conversion.",Vidyard,[content] [email],40.0,50.0,60.0,30.0,FAIL,"The bullet uses passive, vague language ('Trained in') rather than describing an action taken or a system built. It lacks specific metrics, tools, or evidence of the outcome, making it a generic task description rather than a professional achievement.",,RETIRED,,,,2026-06-27
1186,4,False,CLOSED_OUT,"- Studied color theory, typography, illustration, 3D concepts, desktop publishing, and film photography",Johnson County Community College,[content],40.0,50.0,70.0,30.0,FAIL,"The bullet describes a list of academic subjects rather than professional accomplishments or outcomes. It fails to demonstrate how these skills were applied to a business context or project, making it a task-based list rather than a systems/outcome statement.",,RETIRED,,,,2026-06-27
1186,4,False,CLOSED_OUT,"- 3.86 GPA / Studied color theory, typography, illustration, 3D concepts, desktop publishing, and film photography",Johnson County Community College,[content],85.0,95.0,90.0,70.0,FAIL,The bullet fails the manager test because it is a list of academic subjects rather than a professional outcome or system-based achievement. It lacks a strong action verb and describes a task/study history rather than a professional contribution.,,RETIRED,,,,2026-06-27
1186,4,False,CLOSED_OUT,"- 3.86 GPA | Studied color theory, typography, illustration, 3D concepts, desktop publishing, and film photography.",Johnson County Community College,[content],85.0,95.0,90.0,70.0,FAIL,"The bullet fails because it is a list of coursework rather than a systems or outcome statement, and it contains a dash in the prose which is prohibited by the formatting rules.",,RETIRED,,,,2026-06-27
1201,4,False,CLOSED_OUT,- 3.56 GPA / Awarded the Phi Theta Kappa Scholarship for academic excellence.,University of Kansas,[generalist],90.0,95.0,95.0,40.0,FAIL,"The bullet fails because it ends with a period, which violates the strict formatting rules. Additionally, it describes an academic achievement rather than a professional system, outcome, or infrastructure contribution.",,RETIRED,,,,2026-06-27
1201,4,False,CLOSED_OUT,- 3.56 GPA | Awarded the Phi Theta Kappa Scholarship for academic excellence.,University of Kansas,[generalist],90.0,95.0,95.0,40.0,FAIL,The bullet fails because it is a list of credentials rather than a professional achievement or systems-based outcome statement. It lacks an action verb and does not describe a professional contribution or project.,,RETIRED,,,,2026-06-27
1201,4,False,CLOSED_OUT,- Awarded the Phi Theta Kappa Scholarship for academic excellence,University of Kansas,[generalist],90.0,95.0,100.0,40.0,FAIL,"The bullet describes an academic achievement rather than a professional outcome or system-level contribution, making it irrelevant for a professional experience section.",,RETIRED,,,,2026-06-27
1202,2,False,CLOSED_OUT,- 3.56 GPA | Phi Theta Kappa Scholarship recipient,University of Kansas,[generalist],40.0,50.0,80.0,20.0,FAIL,"The bullet fails because it is a list of credentials rather than a professional achievement or system-based outcome. It lacks an action verb, does not describe a professional contribution, and provides no context regarding the impact or relevance of these academic achievements to a professional role.",,RETIRED,,,,2026-06-27
1203,2,False,CLOSED_OUT,- Boosted social media reach by 800% as a marketing intern for the Lied Center of Performing Arts at KU.,University of Kansas,[generalist],65.0,60.0,90.0,70.0,FAIL,"The bullet uses a vague, unverifiable metric ('800%') without explaining the baseline or the methodology used to achieve it, which is a common red flag for intern-level claims. It also lacks context regarding the specific platforms or strategies employed.",,RETIRED,,,,2026-06-27
1207,2,False,CLOSED_OUT,"- Increased awareness for the Lied Center of Performing Arts as a Marketing Intern by distributing flyers, conducting consumer intercept surveys, and managing social media with an 800% increase in followers",University of Kansas,[content],40.0,30.0,70.0,50.0,FAIL,"The claim of an 800% increase in followers is highly implausible for a marketing intern role and lacks context regarding the starting baseline. The bullet also includes task-based descriptions (distributing flyers) rather than focusing on strategic outcomes, and the phrasing is generic.",,RETIRED,,,,2026-06-27
1212,5,False,CLOSED_OUT,- 3.75 GPA | Full academic scholarship; graduated with honors.,Kansas City Kansas Community College,[generalist],95.0,95.0,100.0,40.0,FAIL,"The bullet fails because it is a list of attributes rather than a professional achievement or system-based outcome. It also ends with a period, which violates the formatting constraints.",,RETIRED,,,,2026-06-27
1212,5,False,CLOSED_OUT,- 3.75 GPA; Full academic scholarship; graduated with honors,Kansas City Kansas Community College,[generalist],95.0,95.0,100.0,40.0,FAIL,"The bullet fails the manager test because it ends with a period and describes academic status rather than a professional system, infrastructure, or outcome-based achievement.",,RETIRED,,,,2026-06-27
1212,5,False,CLOSED_OUT,- Full academic scholarship; graduated with honors,Kansas City Kansas Community College,[generalist],90.0,95.0,100.0,40.0,FAIL,"The bullet ends with a period, which violates the strict formatting rule against trailing punctuation.",,RETIRED,,,,2026-06-27
1212,5,False,CLOSED_OUT,- GPA: 3.75 / Full academic scholarship; graduated with honors.,Kansas City Kansas Community College,[generalist],90.0,95.0,100.0,40.0,FAIL,The bullet fails because it is a list of credentials rather than a professional achievement or system-based outcome statement. It does not describe a professional action or contribution.,,RETIRED,,,,2026-06-27
1216,2,False,CLOSED_OUT,"- Led student newspaper (The Advocate) as editor-in-chief for 1.5 years, managing complete editorial process: content planning, writing, editing, layout coordination, and publication management",Kansas City Kansas Community College,[content] [writing],75.0,85.0,90.0,60.0,FAIL,"The bullet uses a dash in the prose (The Advocate) which violates the formatting rules, and it reads more like a list of tasks (content planning, writing, editing, etc.) rather than a high-level outcome or system-based achievement.",,RETIRED,,,,2026-06-27
1217,2,False,CLOSED_OUT,"- Led student newspaper as Editor-in-Chief for 1.5 years, managing content creation, design, and distribution processes.",Kansas City Kansas Community College,[content],65.0,70.0,85.0,60.0,FAIL,"The bullet reads as a task description rather than an outcome statement. It lacks specific metrics (e.g., circulation size, team size, or growth percentages) and uses generic language ('managing content creation') that fails to demonstrate the impact or scale of the leadership.",,RETIRED,,,,2026-06-27
1220,3,False,CLOSED_OUT,"- Led student-run newspaper as Editor-in-Chief, managing all aspects of publication: writing content, handling layout, preparing files, coordinating with printers, and distributing newspapers across campus to ensure timely delivery",Kansas City Kansas Community College,[mgmt],65.0,70.0,80.0,40.0,FAIL,"The bullet reads as a task description rather than an outcome statement, uses a colon to list tasks, and contains a dash in prose which is prohibited by the rules.",,RETIRED,,,,2026-06-27
1220,3,False,CLOSED_OUT,"- Led student-run newspaper as editor-in-chief for 1.5 years, managing all aspects of publication: writing content, designing layout, preparing files, coordinating with printers, and distributing newspapers across campus to ensure timely delivery.",Kansas City Kansas Community College,[mgmt],65.0,70.0,80.0,50.0,FAIL,"The bullet uses a colon to list tasks, which reads as a task description rather than an outcome-focused statement. It also includes a dash in the prose, which violates the formatting rules.",,RETIRED,,,,2026-06-27
1221,2,False,CLOSED_OUT,"- Led student-run newspaper as editor-in-chief for 1.5 years, managing all aspects of publication.",Kansas City Kansas Community College,[mgmt],50.0,60.0,70.0,40.0,FAIL,"The bullet uses vague language ('managing all aspects') which fails to describe the actual system or outcome. It lacks specific metrics (e.g., circulation size, team size, or digital growth) and reads as a task description rather than an achievement-oriented statement.",,RETIRED,,,,2026-06-27
1222,2,False,CLOSED_OUT,"- 3.86 GPA / Studied color theory, typography, illustration, 3D concepts, desktop publishing, and film photography. ADDITIONAL BACKGROUND & VALUES",Johnson County Community College,[content],40.0,50.0,60.0,30.0,FAIL,"The bullet is a list of coursework rather than a professional achievement or system-based outcome. It fails the manager test because it does not describe a professional contribution, uses a slash (which functions as a separator/dash equivalent), and lacks any context regarding how these skills were applied to generate value.",,RETIRED,,,,2026-06-27
1225,3,False,CLOSED_OUT,- 3.86 GPA | Studied visual communication principles shaping marketing collateral and presentation design,Johnson County Community College,[content],40.0,50.0,60.0,30.0,FAIL,"The bullet fails because it describes a student activity rather than a professional outcome or system. It uses passive language ('Studied') instead of a strong action verb, lacks a professional context, and provides no evidence of application or impact in a business environment.",,RETIRED,,,,2026-06-27
1225,3,False,CLOSED_OUT,- 3.86 GPA; Studied visual communication principles shaping marketing collateral and presentation design,Johnson County Community College,[content],75.0,85.0,80.0,40.0,FAIL,"The bullet ends with a period, which violates the formatting constraints. Additionally, it describes academic study rather than professional systems or outcomes, making it weak for a professional experience section.",,RETIRED,,,,2026-06-27
1254,2,False,CLOSED_OUT,"- Supported store team with merchandising, restocking, and crowd management during high-traffic events.",GameStop,[generalist],40.0,50.0,70.0,30.0,FAIL,"The bullet uses a banned phrase ('Supported'), describes tasks rather than outcomes, lacks specific metrics or scale, and uses generic language that could apply to any retail role.",,RETIRED,,,,2026-06-27
1283,2,False,CLOSED_OUT,- Founding SDR: 10+ years in founder-led to Series B/C SaaS and EdTech; one of two SDRs who launched the outbound team,Misc. / Unassigned,[generalist],50.0,55.0,60.0,40.0,FAIL,"The bullet fails because it is a summary of experience rather than a specific outcome-based achievement. It uses a dash in prose, lacks a strong action verb, and reads as a list of credentials rather than a systems or infrastructure statement.",,RETIRED,,,,2026-06-27
1307,2,False,CLOSED_OUT,- POS Operations | Cash Handling & Reconciliation | High-Volume Transaction Management,Misc. / Unassigned,[generalist],20.0,40.0,50.0,30.0,FAIL,"The bullet is a list of keywords rather than a narrative statement. It fails to describe an action, a system, or an outcome. It lacks a strong action verb and provides no context regarding the scale or impact of the cash handling operations.",,RETIRED,,,,2026-06-27
127,2,False,CLOSED_OUT,"- Coached a high-performing remote team of 4–6 SDRs while managing a personal portfolio of 2,000+ sales accounts.",Treering Yearbooks,[content] [mgmt],,,,,,,,RETIRED,,,,2026-06-27
170,2,False,CLOSED_OUT,"- Consistently exceeded revenue goals, becoming the first SDR in company history to source $1M+ in new revenue.",Treering Yearbooks,[ops],,,,,,,,RETIRED,,,,2026-06-27
